./src/facial_recognition/people/chris/1.jpg;0
./src/facial_recognition/people/chris/2.jpg;0
./src/facial_recognition/people/chris/3.jpg;0
./src/facial_recognition/people/chris/4.jpg;0
./src/facial_recognition/people/chris/5.jpg;0
./src/facial_recognition/people/chris/6.jpg;0
./src/facial_recognition/people/chris/7.jpg;0
./src/facial_recognition/people/chris/8.jpg;0
./src/facial_recognition/people/chris/9.jpg;0
./src/facial_recognition/people/chris/10.jpg;0
./src/facial_recognition/people/chris/11.jpg;0
./src/facial_recognition/people/chris/12.jpg;0
./src/facial_recognition/people/chris/13.jpg;0
./src/facial_recognition/people/chris/14.jpg;0
./src/facial_recognition/people/chris/15.jpg;0
./src/facial_recognition/people/chris/16.jpg;0
./src/facial_recognition/people/chris/17.jpg;0
./src/facial_recognition/people/chris/18.jpg;0
./src/facial_recognition/people/chris/19.jpg;0
./src/facial_recognition/people/chris/20.jpg;0
./src/facial_recognition/people/chris/21.jpg;0
./src/facial_recognition/people/chris/22.jpg;0
./src/facial_recognition/people/chris/23.jpg;0
./src/facial_recognition/people/chris/24.jpg;0
./src/facial_recognition/people/chris/25.jpg;0
./src/facial_recognition/people/chris/26.jpg;0
./src/facial_recognition/people/chris/27.jpg;0
./src/facial_recognition/people/chris/28.jpg;0
./src/facial_recognition/people/chris/29.jpg;0
./src/facial_recognition/people/chris/30.jpg;0
./src/facial_recognition/people/chris/31.jpg;0
./src/facial_recognition/people/chris/32.jpg;0
./src/facial_recognition/people/chris/33.jpg;0
./src/facial_recognition/people/chris/34.jpg;0
./src/facial_recognition/people/chris/35.jpg;0
./src/facial_recognition/people/chris/36.jpg;0
./src/facial_recognition/people/chris/37.jpg;0
./src/facial_recognition/people/chris/38.jpg;0
./src/facial_recognition/people/chris/39.jpg;0
./src/facial_recognition/people/chris/40.jpg;0
./src/facial_recognition/people/chris/41.jpg;0
./src/facial_recognition/people/chris/42.jpg;0
./src/facial_recognition/people/chris/43.jpg;0
./src/facial_recognition/people/chris/44.jpg;0
./src/facial_recognition/people/chris/45.jpg;0
./src/facial_recognition/people/chris/46.jpg;0
./src/facial_recognition/people/chris/47.jpg;0
./src/facial_recognition/people/chris/48.jpg;0
./src/facial_recognition/people/chris/49.jpg;0
./src/facial_recognition/people/chris/50.jpg;0
./src/facial_recognition/people/perkowski/1.jpg;1
./src/facial_recognition/people/perkowski/2.jpg;1
./src/facial_recognition/people/perkowski/3.jpg;1
./src/facial_recognition/people/perkowski/4.jpg;1
./src/facial_recognition/people/perkowski/5.jpg;1
./src/facial_recognition/people/perkowski/6.jpg;1
./src/facial_recognition/people/perkowski/7.jpg;1
./src/facial_recognition/people/perkowski/8.jpg;1
./src/facial_recognition/people/perkowski/9.jpg;1
./src/facial_recognition/people/perkowski/10.jpg;1
./src/facial_recognition/people/perkowski/11.jpg;1
./src/facial_recognition/people/perkowski/12.jpg;1
./src/facial_recognition/people/perkowski/13.jpg;1
./src/facial_recognition/people/perkowski/14.jpg;1
./src/facial_recognition/people/perkowski/15.jpg;1
./src/facial_recognition/people/perkowski/16.jpg;1
./src/facial_recognition/people/perkowski/17.jpg;1
./src/facial_recognition/people/perkowski/18.jpg;1
./src/facial_recognition/people/perkowski/19.jpg;1
./src/facial_recognition/people/perkowski/20.jpg;1
./src/facial_recognition/people/perkowski/21.jpg;1
./src/facial_recognition/people/perkowski/22.jpg;1
./src/facial_recognition/people/perkowski/23.jpg;1
./src/facial_recognition/people/perkowski/24.jpg;1
./src/facial_recognition/people/perkowski/25.jpg;1
./src/facial_recognition/people/perkowski/26.jpg;1
./src/facial_recognition/people/perkowski/27.jpg;1
./src/facial_recognition/people/perkowski/28.jpg;1
./src/facial_recognition/people/perkowski/29.jpg;1
./src/facial_recognition/people/perkowski/30.jpg;1
./src/facial_recognition/people/perkowski/31.jpg;1
./src/facial_recognition/people/perkowski/32.jpg;1
./src/facial_recognition/people/perkowski/33.jpg;1
./src/facial_recognition/people/perkowski/34.jpg;1
./src/facial_recognition/people/perkowski/35.jpg;1
./src/facial_recognition/people/perkowski/36.jpg;1
./src/facial_recognition/people/perkowski/37.jpg;1
./src/facial_recognition/people/perkowski/38.jpg;1
./src/facial_recognition/people/perkowski/39.jpg;1
./src/facial_recognition/people/perkowski/40.jpg;1
./src/facial_recognition/people/perkowski/41.jpg;1
./src/facial_recognition/people/perkowski/42.jpg;1
./src/facial_recognition/people/perkowski/43.jpg;1
./src/facial_recognition/people/perkowski/44.jpg;1
./src/facial_recognition/people/perkowski/45.jpg;1
./src/facial_recognition/people/perkowski/46.jpg;1
./src/facial_recognition/people/perkowski/47.jpg;1
./src/facial_recognition/people/perkowski/48.jpg;1
./src/facial_recognition/people/perkowski/49.jpg;1
./src/facial_recognition/people/perkowski/50.jpg;1
./src/facial_recognition/people/dean_su/1.jpg;2
./src/facial_recognition/people/dean_su/2.jpg;2
./src/facial_recognition/people/dean_su/3.jpg;2
./src/facial_recognition/people/dean_su/4.jpg;2
./src/facial_recognition/people/dean_su/5.jpg;2
./src/facial_recognition/people/dean_su/6.jpg;2
./src/facial_recognition/people/dean_su/7.jpg;2
./src/facial_recognition/people/dean_su/8.jpg;2
./src/facial_recognition/people/dean_su/9.jpg;2
./src/facial_recognition/people/dean_su/10.jpg;2
./src/facial_recognition/people/dean_su/11.jpg;2
./src/facial_recognition/people/dean_su/12.jpg;2
./src/facial_recognition/people/dean_su/13.jpg;2
./src/facial_recognition/people/dean_su/14.jpg;2
./src/facial_recognition/people/dean_su/15.jpg;2
./src/facial_recognition/people/dean_su/16.jpg;2
./src/facial_recognition/people/dean_su/17.jpg;2
./src/facial_recognition/people/dean_su/18.jpg;2
./src/facial_recognition/people/dean_su/19.jpg;2
./src/facial_recognition/people/dean_su/20.jpg;2
./src/facial_recognition/people/dean_su/21.jpg;2
./src/facial_recognition/people/dean_su/22.jpg;2
./src/facial_recognition/people/dean_su/23.jpg;2
./src/facial_recognition/people/dean_su/24.jpg;2
./src/facial_recognition/people/dean_su/25.jpg;2
./src/facial_recognition/people/dean_su/26.jpg;2
./src/facial_recognition/people/dean_su/27.jpg;2
./src/facial_recognition/people/dean_su/28.jpg;2
./src/facial_recognition/people/dean_su/29.jpg;2
./src/facial_recognition/people/dean_su/30.jpg;2
./src/facial_recognition/people/dean_su/31.jpg;2
./src/facial_recognition/people/dean_su/32.jpg;2
./src/facial_recognition/people/dean_su/33.jpg;2
./src/facial_recognition/people/dean_su/34.jpg;2
./src/facial_recognition/people/dean_su/35.jpg;2
./src/facial_recognition/people/dean_su/36.jpg;2
./src/facial_recognition/people/dean_su/37.jpg;2
./src/facial_recognition/people/dean_su/38.jpg;2
./src/facial_recognition/people/dean_su/39.jpg;2
./src/facial_recognition/people/dean_su/40.jpg;2
./src/facial_recognition/people/dean_su/41.jpg;2
./src/facial_recognition/people/dean_su/42.jpg;2
./src/facial_recognition/people/dean_su/43.jpg;2
./src/facial_recognition/people/dean_su/44.jpg;2
./src/facial_recognition/people/dean_su/45.jpg;2
./src/facial_recognition/people/dean_su/46.jpg;2
./src/facial_recognition/people/dean_su/47.jpg;2
./src/facial_recognition/people/dean_su/48.jpg;2
./src/facial_recognition/people/dean_su/49.jpg;2
./src/facial_recognition/people/dean_su/50.jpg;2
./src/facial_recognition/people/mathias/1.jpg;3
./src/facial_recognition/people/mathias/2.jpg;3
./src/facial_recognition/people/mathias/3.jpg;3
./src/facial_recognition/people/mathias/4.jpg;3
./src/facial_recognition/people/mathias/5.jpg;3
./src/facial_recognition/people/mathias/6.jpg;3
./src/facial_recognition/people/mathias/7.jpg;3
./src/facial_recognition/people/mathias/8.jpg;3
./src/facial_recognition/people/mathias/9.jpg;3
./src/facial_recognition/people/mathias/10.jpg;3
./src/facial_recognition/people/mathias/11.jpg;3
./src/facial_recognition/people/mathias/12.jpg;3
./src/facial_recognition/people/mathias/13.jpg;3
./src/facial_recognition/people/mathias/14.jpg;3
./src/facial_recognition/people/mathias/15.jpg;3
./src/facial_recognition/people/mathias/16.jpg;3
./src/facial_recognition/people/mathias/17.jpg;3
./src/facial_recognition/people/mathias/18.jpg;3
./src/facial_recognition/people/mathias/19.jpg;3
./src/facial_recognition/people/mathias/20.jpg;3
./src/facial_recognition/people/mathias/21.jpg;3
./src/facial_recognition/people/mathias/22.jpg;3
./src/facial_recognition/people/mathias/23.jpg;3
./src/facial_recognition/people/mathias/24.jpg;3
./src/facial_recognition/people/mathias/25.jpg;3
./src/facial_recognition/people/mathias/26.jpg;3
./src/facial_recognition/people/mathias/27.jpg;3
./src/facial_recognition/people/mathias/28.jpg;3
./src/facial_recognition/people/mathias/29.jpg;3
./src/facial_recognition/people/mathias/30.jpg;3
./src/facial_recognition/people/mathias/31.jpg;3
./src/facial_recognition/people/mathias/32.jpg;3
./src/facial_recognition/people/mathias/33.jpg;3
./src/facial_recognition/people/mathias/34.jpg;3
./src/facial_recognition/people/mathias/35.jpg;3
./src/facial_recognition/people/mathias/36.jpg;3
./src/facial_recognition/people/mathias/37.jpg;3
./src/facial_recognition/people/mathias/38.jpg;3
./src/facial_recognition/people/mathias/39.jpg;3
./src/facial_recognition/people/mathias/40.jpg;3
./src/facial_recognition/people/mathias/41.jpg;3
./src/facial_recognition/people/mathias/42.jpg;3
./src/facial_recognition/people/mathias/43.jpg;3
./src/facial_recognition/people/mathias/44.jpg;3
./src/facial_recognition/people/mathias/45.jpg;3
./src/facial_recognition/people/mathias/46.jpg;3
./src/facial_recognition/people/mathias/47.jpg;3
./src/facial_recognition/people/mathias/48.jpg;3
./src/facial_recognition/people/mathias/49.jpg;3
./src/facial_recognition/people/mathias/50.jpg;3
